system:index,LC,LC_num,POINT_ID,asc_dpol_median,asc_vh_median,asc_vh_stDev,asc_vv_median,asc_vv_stDev,desc_dpol_median,desc_vh_median,desc_vh_stDev,desc_vv_median,desc_vv_stDev,source,votes,.geo
00000000000000007fb8_0,Bare land,6,52422472,1688,-27242,7108,-16139,3467,1828,-27210,5996,-14889,2756,LUCAS_point,0.2303007699646355,
000000000000000092a4_0,Water,7,52402468,1665,-31414,8827,-18868,10598,1743,-27755,6699,-15927,5577,LUCAS_point,0.9358205793091692,
00000000000000003b16_0,Cropland,2,52622492,1593,-18222,2414,-11442,2059,1410,-18579,3475,-13176,2685,LUCAS_polygon,NA,
0000000000000000086b_0,Woodland,3,53162378,1673,-14005,2388,-8370,2042,1871,-13543,2058,-7237,1528,LUCAS_polygon,NA,
0000000000000000f9d8_0,Woodland,3,53022486,1560,-18066,2469,-11584,2144,1821,-15919,2131,-8743,1829,LUCAS_polygon,NA,
000000000000000013c6_0,Grassland,5,52382476,1469,-17878,10176,-12167,10833,1539,-17115,2852,-11118,2117,LUCAS_polygon,NA,
00000000000000004919_0,Grassland,5,52662494,1523,-18452,3336,-12112,2574,1623,-18403,3632,-11342,2297,LUCAS_polygon,NA,
00000000000000010f83_0,Grassland,5,52962498,1582,-18914,2354,-11953,2129,1504,-18226,2373,-12118,2105,LUCAS_polygon,NA,
