system:index,LC,LC_num,POINT_ID,asc_dpol_median,asc_vh_median,asc_vh_stDev,asc_vv_median,asc_vv_stDev,desc_dpol_median,desc_vh_median,desc_vh_stDev,desc_vv_median,desc_vv_stDev,source,votes,.geo
00000000000000008a86_0,Shrubland,4,58781584,1802,-14349,2451,-7964,2085,1824,-17572,2062,-9634,1866,LUCAS_point,0.7573220938873716,
00000000000000008bf4_0,Shrubland,4,58781592,2096,-15174,2078,-7239,1774,2040,-16573,2094,-8125,1612,LUCAS_point,0.6445081232753437,
00000000000000008d33_0,Shrubland,4,58781590,1948,-10861,2425,-5575,1583,1627,-15825,1833,-9725,1533,LUCAS_point,0.5917367499933289,
00000000000000008de5_0,Shrubland,4,58781552,1708,-18715,2279,-10955,1513,1748,-19068,2194,-10911,2069,LUCAS_point,0.569215815191425,
00000000000000008e4a_0,Shrubland,4,58761576,1634,-15775,2292,-9655,1984,2041,-16859,1513,-8262,2083,LUCAS_point,0.5564981912770692,
