system:index,LC,LC_num,POINT_ID,asc_dpol_median,asc_vh_median,asc_vh_stDev,asc_vv_median,asc_vv_stDev,desc_dpol_median,desc_vh_median,desc_vh_stDev,desc_vv_median,desc_vv_stDev,source,votes,.geo
00000000000000007e61_0,Bare land,6,49465254,1523,-25442,6574,-16707,4175,1706,-26864,5320,-15746,2994,LUCAS_point,0.45978915541346477,
00000000000000009a92_0,Wetland,8,49645244,1622,-18731,5182,-11548,3358,1682,-19444,3551,-11557,3207,LUCAS_point,0.7158013436511889,
00000000000000009c6d_0,Wetland,8,49565244,1501,-19993,4505,-13321,3247,1700,-18435,3874,-10845,2384,LUCAS_point,0.5776788304112782,
00000000000000009d62_0,Wetland,8,49565262,1510,-22691,4349,-15023,3142,1708,-18754,3991,-10981,2956,LUCAS_point,0.511115266690815,
00000000000000003346_0,Woodland,3,49665282,1615,-15819,2875,-9796,2354,1579,-16646,3430,-10543,2099,LUCAS_polygon,NA,
