system:index,LC,LC_num,POINT_ID,asc_dpol_median,asc_vh_median,asc_vh_stDev,asc_vv_median,asc_vv_stDev,desc_dpol_median,desc_vh_median,desc_vh_stDev,desc_vv_median,desc_vv_stDev,source,votes,.geo
0000000000000000993f_0,Wetland,8,58442620,1478,-19246,3498,-13023,4631,1537,-18138,4761,-11802,4047,LUCAS_point,0.7916407214603032,
00000000000000009ab8_0,Wetland,8,58462616,1452,-18651,3652,-12842,4455,1549,-18337,4119,-11838,4305,LUCAS_point,0.703087351329064,
00000000000000009ba2_0,Wetland,8,58262606,1341,-16617,3113,-12395,4523,1396,-18946,3988,-13575,4222,LUCAS_point,0.6373768045539145,
00000000000000009be4_0,Wetland,8,58342610,1266,-17730,3637,-14001,4641,1292,-19437,4146,-15042,4477,LUCAS_point,0.6186087705166434,
00000000000000009be6_0,Wetland,8,58282614,1290,-16565,2696,-12841,3770,1414,-18640,3335,-13182,3308,LUCAS_point,0.6185803911492176,
00000000000000009c50_0,Wetland,8,58342614,1383,-19823,4143,-14337,4346,1375,-18621,4826,-13547,4016,LUCAS_point,0.5852413404459769,
